group,function,value,sample_time_nanos,iteration_count
Merkle Hashes,blake2s merkle,,10935414,1
Merkle Hashes,blake2s merkle,,17968502,2
Merkle Hashes,blake2s merkle,,27616445,3
Merkle Hashes,blake2s merkle,,34744195,4
Merkle Hashes,blake2s merkle,,42336940,5
Merkle Hashes,blake2s merkle,,50067322,6
Merkle Hashes,blake2s merkle,,70251260,7
Merkle Hashes,blake2s merkle,,64837899,8
Merkle Hashes,blake2s merkle,,70775029,9
Merkle Hashes,blake2s merkle,,80005248,10
Merkle Hashes,blake2s merkle,,96071086,11
Merkle Hashes,blake2s merkle,,103802275,12
Merkle Hashes,blake2s merkle,,110833795,13
Merkle Hashes,blake2s merkle,,122323498,14
Merkle Hashes,blake2s merkle,,131664419,15
Merkle Hashes,blake2s merkle,,138057705,16
Merkle Hashes,blake2s merkle,,147593953,17
Merkle Hashes,blake2s merkle,,155733231,18
Merkle Hashes,blake2s merkle,,165028506,19
Merkle Hashes,blake2s merkle,,167833924,20
Merkle Hashes,blake2s merkle,,176995384,21
Merkle Hashes,blake2s merkle,,191698997,22
Merkle Hashes,blake2s merkle,,193296037,23
Merkle Hashes,blake2s merkle,,210987227,24
Merkle Hashes,blake2s merkle,,215532235,25
Merkle Hashes,blake2s merkle,,218693558,26
Merkle Hashes,blake2s merkle,,239284816,27
Merkle Hashes,blake2s merkle,,243785471,28
Merkle Hashes,blake2s merkle,,240461491,29
Merkle Hashes,blake2s merkle,,240849240,30
Merkle Hashes,blake2s merkle,,271901717,31
Merkle Hashes,blake2s merkle,,278825598,32
Merkle Hashes,blake2s merkle,,290395396,33
Merkle Hashes,blake2s merkle,,300215271,34
Merkle Hashes,blake2s merkle,,305587518,35
Merkle Hashes,blake2s merkle,,317779908,36
Merkle Hashes,blake2s merkle,,303518332,37
Merkle Hashes,blake2s merkle,,306133142,38
Merkle Hashes,blake2s merkle,,330462453,39
Merkle Hashes,blake2s merkle,,364490563,40
Merkle Hashes,blake2s merkle,,337161632,41
Merkle Hashes,blake2s merkle,,358136576,42
Merkle Hashes,blake2s merkle,,378058132,43
Merkle Hashes,blake2s merkle,,374543580,44
Merkle Hashes,blake2s merkle,,382487391,45
Merkle Hashes,blake2s merkle,,400134155,46
Merkle Hashes,blake2s merkle,,411026842,47
Merkle Hashes,blake2s merkle,,413567814,48
Merkle Hashes,blake2s merkle,,431262927,49
Merkle Hashes,blake2s merkle,,433577057,50
Merkle Hashes,blake2s merkle,,447743202,51
Merkle Hashes,blake2s merkle,,457291068,52
Merkle Hashes,blake2s merkle,,466025097,53
Merkle Hashes,blake2s merkle,,477198262,54
Merkle Hashes,blake2s merkle,,479387033,55
Merkle Hashes,blake2s merkle,,480822879,56
Merkle Hashes,blake2s merkle,,500329790,57
Merkle Hashes,blake2s merkle,,517263371,58
Merkle Hashes,blake2s merkle,,516205804,59
Merkle Hashes,blake2s merkle,,508748888,60
Merkle Hashes,blake2s merkle,,515847681,61
Merkle Hashes,blake2s merkle,,540205133,62
Merkle Hashes,blake2s merkle,,549389916,63
Merkle Hashes,blake2s merkle,,562964689,64
Merkle Hashes,blake2s merkle,,559917202,65
Merkle Hashes,blake2s merkle,,573750724,66
Merkle Hashes,blake2s merkle,,555520620,67
Merkle Hashes,blake2s merkle,,598569378,68
Merkle Hashes,blake2s merkle,,600033992,69
Merkle Hashes,blake2s merkle,,598514068,70
Merkle Hashes,blake2s merkle,,600090951,71
Merkle Hashes,blake2s merkle,,614869272,72
Merkle Hashes,blake2s merkle,,640865449,73
Merkle Hashes,blake2s merkle,,651451220,74
Merkle Hashes,blake2s merkle,,653532591,75
Merkle Hashes,blake2s merkle,,650780918,76
Merkle Hashes,blake2s merkle,,662421410,77
Merkle Hashes,blake2s merkle,,697133135,78
Merkle Hashes,blake2s merkle,,688769622,79
Merkle Hashes,blake2s merkle,,696657159,80
Merkle Hashes,blake2s merkle,,726460131,81
Merkle Hashes,blake2s merkle,,698242359,82
Merkle Hashes,blake2s merkle,,700252738,83
Merkle Hashes,blake2s merkle,,723204045,84
Merkle Hashes,blake2s merkle,,738595893,85
Merkle Hashes,blake2s merkle,,707423568,86
Merkle Hashes,blake2s merkle,,756165858,87
Merkle Hashes,blake2s merkle,,757547225,88
Merkle Hashes,blake2s merkle,,789462863,89
Merkle Hashes,blake2s merkle,,787297485,90
Merkle Hashes,blake2s merkle,,755245799,91
Merkle Hashes,blake2s merkle,,782207992,92
Merkle Hashes,blake2s merkle,,810542850,93
Merkle Hashes,blake2s merkle,,794741003,94
Merkle Hashes,blake2s merkle,,811559574,95
Merkle Hashes,blake2s merkle,,831885836,96
Merkle Hashes,blake2s merkle,,824829303,97
Merkle Hashes,blake2s merkle,,856888501,98
Merkle Hashes,blake2s merkle,,825443693,99
Merkle Hashes,blake2s merkle,,858744061,100
